<BackupInst xmlns="http://www.microsoft.com/GroupPolicy/GPOOperations/Manifest"><GPOGuid><![CDATA[{F442033A-6D6F-429D-A685-1FF19A5E9284}]]></GPOGuid><GPODomain><![CDATA[spiritoftexasbank.com]]></GPODomain><GPODomainGuid><![CDATA[{cc9524b7-8e31-4859-a00a-6c815977941f}]]></GPODomainGuid><GPODomainController><![CDATA[STB-DC1.spiritoftexasbank.com]]></GPODomainController><BackupTime><![CDATA[2011-02-14T16:58:49]]></BackupTime><ID><![CDATA[{65D65BB9-F19F-4378-9AA8-D8992BC70BB6}]]></ID><Comment><![CDATA[]]></Comment><GPODisplayName><![CDATA[Authoritative Time Server]]></GPODisplayName></BackupInst>
